"","RecordedDate","rfq_1","rfq_2","rfq_3","rfq_4","rfq_5","rfq_6","rfq_7","rfq_8","rfq_9","rfq_10","rfq_11","prom.str","prev.str","promdom.str","age","gender","language","ethnicity","location","education","income","pol_orient"
"1","12/3/19 7:05",4,2,1,2,4,4,5,2,3,4,5,-0.0182044335215488,0.855914696928246,-0.874119130449795,36,"Male","English","White","TX","Bachelor's","$0-$10K","Liberal"
"2","12/3/19 7:05",1,1,4,2,5,1,4,1,1,5,2,-2.3439121013263,-1.143605987939,-1.20030611338729,27,"Male","English","White","NY","Some College","$70K-$100K","Moderate"
"3","12/3/19 7:07",2,2,2,2,2,2,2,2,2,4,2,-1.99174174768628,-1.75733493572532,-0.234406811960958,26,"Female","English","White","NC","Bachelor's","$100K-$250K","Conservative"
"4","12/3/19 7:07",1,1,3,1,4,2,1,3,4,1,2,-2.71799786613607,-3.37994679620243,0.661948930066354,29,"Female","English","White","MS","Associate's","$10K-$20K","Moderate"
"5","12/3/19 7:08",2,2,4,1,4,3,3,2,1,4,2,-3.0768542709842,-2.4101879613894,-0.666666309594793,31,"Male","English","White","IL","Master's","$40K-$70K","Slightly Liberal"
"6","12/3/19 7:08",2,5,5,5,3,5,5,3,2,5,1,-2.59804473656552,-2.34656854945902,-0.251476187106498,44,"Female","English","Multiracial","WA","Bachelor's","$100K-$250K","Slightly Conservative"
"7","12/3/19 7:08",3,1,3,3,5,2,3,1,4,4,5,-2.26206484689222,-1.89685473957286,-0.365210107319369,50,"Male","English","Multiracial","PA","Master's","$100K-$250K","Moderate"
"8","12/3/19 7:09",4,3,2,5,2,4,3,4,5,2,3,-2.97793872009939,-2.97349267127724,-0.00444604882214961,25,"Male","English","White","MN","Master's","$70K-$100K","Liberal"
"9","12/3/19 7:09",1,1,5,1,5,1,5,1,1,5,4,-2.66277489364624,-2.86930719500357,0.206532301357325,28,"Male","English","White","FL","Bachelor's","$100K-$250K","Very Conservative"
"10","12/3/19 7:10",1,1,3,3,4,2,4,1,1,4,3,-3.46578489024427,-3.24423784384383,-0.221547046400434,26,"Male","English","Hispanic","NJ","Bachelor's","$40K-$70K","Slightly Liberal"
"11","12/3/19 7:10",3,2,3,3,2,3,4,2,2,3,2,-2.5841007208629,-2.67283477198791,0.0887340511250123,35,"Male","English","White","ME","Bachelor's","$70K-$100K","Moderate"
"12","12/3/19 7:10",2,3,5,3,4,3,4,4,2,4,1,-2.66733502317614,-3.68747902803421,1.02014400485807,22,"Male","English","Multiracial","FL","Some College","$40K-$70K","Liberal"
"13","12/3/19 7:11",1,1,5,1,5,1,5,1,1,5,1,-3.00850973467724,-1.5844062187518,-1.42410351592543,30,"Female","English","White","MN","High School","$40K-$70K","Very Liberal"
"14","12/3/19 7:11",4,4,3,3,3,4,3,4,2,4,2,-4.39846664098562,-3.5343398943896,-0.864126746596013,46,"Female","English","White","NC","Associate's","$40K-$70K","Very Liberal"
"15","12/3/19 7:11",5,3,4,3,4,3,4,2,2,5,1,-4.59244925134746,-4.17225416009329,-0.420195091254179,58,"Female","English","White","NY","Bachelor's","$100K-$250K","Conservative"
"16","12/3/19 7:11",1,4,4,4,2,4,4,2,2,4,2,-3.02745592561654,-2.24818017771569,-0.77927574790085,40,"Female","English","White","OH","Master's","$100K-$250K","Slightly Conservative"
"17","12/3/19 7:11",4,4,3,4,3,4,3,3,4,3,4,-4.68873281360873,-4.76753163030762,0.0787988166988915,24,"Female","English","Asian","TX","Bachelor's","$20K-$40K","Moderate"
"18","12/3/19 7:11",5,3,5,5,4,5,5,4,4,4,5,-3.41033270111561,-4.1007034826536,0.690370781537989,24,"Female","English","Black","IL","Associate's","$10K-$20K","Liberal"
"19","12/3/19 7:12",4,4,4,2,3,5,4,1,4,1,3,-3.41434976165855,-3.35873749146246,-0.0556122701960926,31,"Female","English","White","NY","Some College","$70K-$100K","Very Liberal"
"20","12/3/19 7:12",4,3,4,3,4,3,4,3,1,5,2,-2.74803406793022,-1.76257054789825,-0.985463520031973,40,"Male","English","Multiracial","TX","Bachelor's","$40K-$70K","Very Conservative"
"21","12/3/19 7:12",4,2,4,2,3,2,4,4,2,5,1,-4.15557268255166,-3.17763329022756,-0.977939392324095,39,"Male","English","White","CT","Associate's","$70K-$100K","Slightly Conservative"
"22","12/3/19 7:12",4,5,5,5,2,5,5,4,2,5,3,-3.65849269658289,-3.04845144933304,-0.610041247249851,33,"Female","English","White","MO","Some College","$70K-$100K","Very Liberal"
"23","12/3/19 7:13",3,2,4,2,4,3,3,3,3,4,2,-5.28583366081179,-5.01628350254598,-0.26955015826581,48,"Male","English","White","IN","Bachelor's","$70K-$100K","Conservative"
"24","12/3/19 7:13",1,3,3,3,3,3,5,1,1,4,2,-2.14898126624058,-1.92088920878724,-0.228092057453337,35,"Male","English","White","WA","Bachelor's","$70K-$100K","Very Liberal"
"25","12/3/19 7:13",2,3,4,5,4,1,5,5,4,4,1,-3.84712761940424,-3.80898993563479,-0.0381376837694489,43,"Female","English","White","VA","Master's","$40K-$70K","Very Liberal"
"26","12/3/19 7:13",3,2,5,3,4,2,4,2,2,4,2,-3.67714569234921,-1.89990787524403,-1.77723781710517,43,"Female","English","White","OH","Some College","$70K-$100K","Liberal"
"27","12/3/19 7:13",3,2,3,1,4,2,5,3,2,4,2,-4.31267608602322,-5.40650081570864,1.09382472968541,36,"Female","English","Asian","TX","Bachelor's","$250K-$500K","Slightly Liberal"
"28","12/3/19 7:14",1,1,4,1,5,1,5,1,1,5,1,-2.54430818114575,-1.2664191509334,-1.27788903021235,35,"Male","English","White","NV","Associate's","$40K-$70K","Liberal"
"29","12/3/19 7:14",3,2,4,3,5,2,3,2,3,4,1,-3.53294411597706,-3.77079008386345,0.237845967886385,38,"Female","English","White","KY","Some College","$20K-$40K","Very Liberal"
"30","12/3/19 7:14",2,2,4,3,3,3,5,3,2,4,3,NA,NA,-2.3566525559454,31,"Female","English","Multiracial","CA","Master's","$100K-$250K","Liberal"
"31","12/3/19 7:14",3,4,3,5,3,4,3,2,2,4,3,-3.81276218678994,-3.79921149357573,-0.0135506932142042,27,"Female","English","White","KS","Bachelor's","$40K-$70K","Conservative"
"32","12/3/19 7:14",4,1,3,3,4,3,2,3,4,3,2,-4.08008832283681,-4.18998447387192,0.109896151035115,40,"Female","English","White","OH","Master's","$40K-$70K","Very Liberal"
"33","12/3/19 7:14",3,1,4,1,4,2,3,1,2,4,2,-4.49320070140769,-3.30649951079377,-1.18670119061392,33,"Male","English","White","AZ","High School","$40K-$70K","Slightly Liberal"
"34","12/3/19 7:14",4,4,3,4,4,5,2,4,3,4,2,-4.02052799287568,-3.40297584888653,-0.617552143989152,40,"Male","English","Hispanic","CA","Some College","$20K-$40K","Slightly Liberal"
"35","12/3/19 7:15",1,4,5,4,3,4,5,1,1,5,1,-3.21484954719476,-0.836284690375099,-2.37856485681966,25,"Male","English","White","FL","Bachelor's","$40K-$70K","Conservative"
"36","12/3/19 7:15",2,2,3,3,4,3,3,3,2,4,1,-4.56838298120626,-3.68913729347298,-0.879245687733278,63,"Male","English","White","MA","Bachelor's","$100K-$250K","Moderate"
"37","12/3/19 7:15",2,3,4,2,3,3,4,2,2,4,1,-3.31467699802848,-3.80571141336139,0.491034415332912,36,"Female","English","White","NH","Some College","$70K-$100K","Very Liberal"
"38","12/3/19 7:15",2,3,4,2,4,2,4,1,3,3,2,-3.77753367238426,-4.42231138107256,0.644777708688295,32,"Male","English","White","MD","Bachelor's","$100K-$250K","Slightly Liberal"
"39","12/3/19 7:16",3,5,5,5,1,5,5,2,1,5,3,-2.71178884387871,-1.74598456228325,-0.965804281595456,34,"Female","English","White","VA","Some College","$70K-$100K","Very Liberal"
"40","12/3/19 7:16",2,3,5,3,3,3,5,2,2,4,1,-3.92153743813978,-3.70649729680787,-0.215040141331912,41,"Male","English","Black","AL","Bachelor's","$40K-$70K","Very Liberal"
"41","12/3/19 7:16",3,3,1,2,3,3,2,3,2,4,3,-3.51505014484402,-3.49524391456922,-0.0198062302748001,28,"Male","English","White","MA","Associate's","$40K-$70K","Moderate"
"42","12/3/19 7:16",5,1,3,1,3,3,3,2,5,2,2,-5.33656088280879,-5.02353920759641,-0.313021675212378,38,"Male","English","White","KY","Bachelor's","$20K-$40K","Liberal"
"43","12/3/19 7:16",2,3,3,3,3,3,3,2,2,4,2,-3.7555830215484,-2.74756384854258,-1.00801917300582,42,"Male","English","White","PA","Bachelor's","$70K-$100K","Liberal"
"44","12/3/19 7:16",3,3,4,3,4,3,4,2,2,4,3,NA,NA,-2.31859169841126,60,"Female","English","White","GA","Some College","$10K-$20K","Very Liberal"
"45","12/3/19 7:16",3,3,3,3,3,3,3,3,3,2,1,-3.18638634698792,-3.39580126194823,0.209414914960313,34,"Female","English","White","WA","High School","$20K-$40K","Liberal"
"46","12/3/19 7:16",4,3,5,4,3,3,5,3,2,4,1,-3.5151429993909,-3.33635240897224,-0.17879059041866,29,"Male","English","Multiracial","PA","High School","$0-$10K","Moderate"
"47","12/3/19 7:16",1,3,2,3,3,3,2,3,3,1,2,-4.71270590057754,-4.18620731934892,-0.526498581228616,46,"Male","English","White","GA","Some College","$20K-$40K","Very Liberal"
"48","12/3/19 7:16",1,3,1,3,3,3,1,5,5,1,5,-3.63589075416534,-3.51056872512905,-0.125322029036295,24,"Male","English","White","MN","High School","$0-$10K","Moderate"
"49","12/3/19 7:16",4,2,5,2,4,2,4,2,2,4,1,-4.10659341815259,-4.11736984709929,0.0107764289466967,32,"Male","English","Black","WI","High School","$40K-$70K","Slightly Liberal"
"50","12/3/19 7:17",3,3,4,2,5,2,5,2,2,3,1,-3.41423954784122,-2.70532280663468,-0.708916741206533,26,"Female","English","White","GA","Associate's","$20K-$40K","Liberal"
"51","12/3/19 7:17",4,2,3,2,4,3,4,4,1,4,1,-3.49042837015369,-3.30571312350661,-0.184715246647074,30,"Male","English","White","WA","Associate's","$20K-$40K","Very Conservative"
"52","12/3/19 7:17",3,3,4,3,3,3,4,3,3,3,2,-2.66705599596214,-2.70553934636391,0.0384833504017754,62,"Male","English","White","KY","Some College","$40K-$70K","Very Liberal"
"53","12/3/19 7:17",3,5,4,5,3,4,4,3,3,4,2,-3.51801654962104,-2.49127856033721,-1.02673798928383,49,"Female","English","White","VA","Bachelor's","$70K-$100K","Moderate"
"54","12/3/19 7:17",1,3,5,2,4,3,5,2,1,5,1,-3.11742596098153,-4.15290559840513,1.03547963742361,31,"Female","English","White","FL","Associate's","$20K-$40K","Moderate"
"55","12/3/19 7:18",3,2,3,3,2,2,3,3,3,4,2,-3.11857137346898,-2.7474996032106,-0.371071770258384,55,"Male","English","White","MS","Bachelor's","$70K-$100K","Conservative"
"56","12/3/19 7:18",4,2,4,2,4,1,5,2,1,5,1,-1.63487978493456,-1.37482836623568,-0.260051418698881,32,"Male","English","White","NC","Master's","$100K-$250K","Slightly Conservative"
"57","12/3/19 7:18",4,3,3,3,4,3,3,3,5,2,3,-3.75432603693546,-4.03640413753756,0.282078100602094,41,"Female","English","Multiracial","FL","Some College","$10K-$20K","Liberal"
"58","12/3/19 7:18",1,2,4,3,4,3,4,2,1,4,3,-3.32201318682399,-2.26234981479745,-1.05966337202654,26,"Male","English","White","MA","Bachelor's","$20K-$40K","Liberal"
"59","12/3/19 7:19",4,4,4,5,5,4,5,3,2,4,2,-6.04661502880201,-3.97883161487445,-2.06778341392756,30,"Female","English","White","NJ","Bachelor's","No Response","Moderate"
"60","12/3/19 7:19",4,3,3,2,4,2,3,3,2,4,1,-3.17182881935204,-3.3384398983767,0.16661107902466,28,"Female","English","White","WI","Bachelor's","$40K-$70K","Very Liberal"
"61","12/3/19 7:19",2,4,5,5,3,5,5,1,1,5,1,-3.27125535482482,-1.86944697541087,-1.40180837941395,34,"Male","English","White","FL","Bachelor's","$40K-$70K","Moderate"
"62","12/3/19 7:19",4,3,4,3,4,3,4,3,1,4,2,-4.72586018010728,-3.59641989024782,-1.12944028985946,31,"Female","English","White","NJ","High School","$40K-$70K","Very Liberal"
"63","12/3/19 7:19",2,4,2,3,5,3,4,1,4,3,5,-5.55048034772536,-6.27635139201609,0.725871044290724,40,"Male","English","White","WA","Some College","$20K-$40K","Moderate"
"64","12/3/19 7:20",2,3,5,4,3,4,4,4,1,4,2,-5.77605304276767,-5.56434059411874,-0.211712448648937,35,"Male","English","White","WV","High School","$10K-$20K","Slightly Conservative"
"66","12/3/19 7:20",2,3,4,3,4,3,4,1,1,4,1,-6.26776345269941,-5.16947298398455,-1.09829046871486,71,"Female","English","White","PA","Some College","$40K-$70K","Moderate"
"67","12/3/19 7:20",2,1,3,1,5,1,2,3,4,3,2,-4.55545214394562,-4.4724731235479,-0.0829790203977163,38,"Female","English","White","VA","Associate's","$70K-$100K","Slightly Conservative"
"68","12/3/19 7:20",3,2,2,2,4,2,4,2,3,3,1,-2.38083137071611,-1.5332091082221,-0.847622262494014,40,"Male","English","White","OH","Master's","$100K-$250K","Liberal"
"69","12/3/19 7:20",2,1,4,3,4,3,4,3,3,4,2,-2.54529254878495,-3.38355132711615,0.838258778331193,34,"Male","English","White","PA","Bachelor's","$70K-$100K","Conservative"
"70","12/3/19 7:20",3,3,4,3,4,3,3,3,3,4,4,-5.86470358113608,-5.06985523818828,-0.794848342947799,47,"Female","English","Multiracial","KS","Bachelor's","$40K-$70K","Conservative"
"71","12/3/19 7:20",5,1,3,1,5,1,3,1,5,1,1,-5.53778611214495,-4.87843657429653,-0.659349537848422,45,"Female","English","Hispanic","MN","Associate's","$40K-$70K","Slightly Liberal"
"72","12/3/19 7:20",3,1,3,2,5,1,2,1,2,4,1,-2.0667106940202,-2.53855145517171,0.471840761151502,46,"Female","English","White","GA","Bachelor's","$70K-$100K","Conservative"
"73","12/3/19 7:21",1,1,5,1,5,1,5,1,1,3,3,NA,NA,-0.21892751700674,23,"Male","English","White","CA","High School","$20K-$40K","Moderate"
"74","12/3/19 7:21",4,2,3,4,4,2,3,1,3,2,3,-3.92546258810386,-3.56379923039619,-0.361663357707672,32,"Male","English","White","FL","High School","$20K-$40K","Slightly Liberal"
"75","12/3/19 7:21",3,3,4,3,4,3,3,4,4,3,2,-3.10589850923429,-4.05688643855266,0.950987929318372,36,"Other","English","Pacific Islander","WI","Some College","No Response","Liberal"
"76","12/3/19 7:21",3,1,2,2,4,2,3,3,3,3,4,-2.90325599871863,-3.22290174424897,0.319645745530335,45,"Female","English","White","PA","Some College","$40K-$70K","Moderate"
"77","12/3/19 7:21",3,2,4,3,4,3,4,2,2,4,1,-2.51808389827118,-2.14510687759599,-0.372977020675189,39,"Male","English","White","OR","Bachelor's","$20K-$40K","Very Liberal"
"78","12/3/19 7:21",4,1,3,3,4,1,2,2,3,3,4,-3.6610224466505,-2.72591704544268,-0.935105401207818,21,"Male","English","White","IL","Some College","$40K-$70K","Conservative"
"79","12/3/19 7:21",2,1,3,3,4,1,3,1,2,4,1,-3.56062822384633,-3.37728429289709,-0.183343930949243,20,"Female","English","White","WA","Associate's","$40K-$70K","Liberal"
"80","12/3/19 7:22",3,3,3,3,4,3,3,4,3,3,3,-2.66493742941701,-1.84919775587511,-0.815739673541901,23,"Female","English","White","AL","Some College","$100K-$250K","Very Liberal"
"81","12/3/19 7:22",3,2,4,2,4,2,4,2,3,3,4,-4.21832900487451,-3.97125875294538,-0.247070251929124,43,"Female","English","White","TN","Some College","$40K-$70K","Very Liberal"
"82","12/3/19 7:22",4,3,4,3,5,1,4,2,4,3,4,-2.3451252151292,-1.0999356018769,-1.2451896132523,22,"Male","English","White","WA","Bachelor's","$100K-$250K","Moderate"
"83","12/3/19 7:22",1,2,4,3,4,2,4,2,2,4,1,-3.73893236875586,-4.31533390400714,0.576401535251282,31,"Male","English","Black","NY","Bachelor's","$100K-$250K","Very Liberal"
"84","12/3/19 7:23",2,2,4,3,4,1,4,3,2,4,1,-2.47101161305071,-2.61703376981035,0.146022156759636,38,"Male","English","White","MI","Some College","$20K-$40K","Very Liberal"
"85","12/3/19 7:23",2,3,4,3,4,1,5,1,1,4,1,-4.2834235326935,-5.51737906408007,1.23395553138656,35,"Male","English","White","PA","High School","$70K-$100K","Conservative"
"86","12/3/19 7:23",3,4,4,3,3,3,3,3,4,2,2,-4.31687741783778,-3.14270750564557,-1.17416991219222,53,"Female","English","White","GA","Associate's","No Response","Liberal"
"87","12/3/19 7:23",3,1,2,2,4,2,2,1,5,1,3,-2.8424154843503,-2.04715516227207,-0.795260322078235,35,"Male","English","White","OH","Associate's","$40K-$70K","Moderate"
"88","12/3/19 7:24",2,3,3,3,3,4,3,4,3,4,3,-2.90705247201899,-3.70749889630289,0.8004464242839,53,"Male","English","Hispanic","GA","Bachelor's","$100K-$250K","Conservative"
"89","12/3/19 7:24",3,2,2,2,4,2,2,1,4,3,3,-5.48976164340981,-4.96426990640067,-0.525491737009137,54,"Female","English","White","CA","Master's","$100K-$250K","Liberal"
"90","12/3/19 7:24",3,4,4,4,3,3,3,3,2,3,3,-3.65263500429044,-3.34887762314566,-0.303757381144775,68,"Male","English","White","FL","Master's","$40K-$70K","Conservative"
"91","12/3/19 7:24",2,1,5,5,5,2,3,1,2,2,5,-1.13872349444102,-0.687546794085266,-0.451176700355752,24,"Male","English","White","ME","Bachelor's","$20K-$40K","Liberal"
"92","12/3/19 7:24",3,3,4,4,3,3,4,3,2,3,3,-4.39148469021093,-3.84666788113575,-0.544816809075184,32,"Female","English","White","SC","Some College","$20K-$40K","Conservative"
"93","12/3/19 7:24",1,1,4,1,5,2,4,1,2,4,2,-2.93384753002546,-4.95433821679157,2.02049068676611,26,"Female","English","White","NJ","Master's","$40K-$70K","Slightly Liberal"
"94","12/3/19 7:24",4,3,4,5,4,3,4,3,3,4,5,NA,NA,0.415759012711528,27,"Female","English","White","PA","Bachelor's","$40K-$70K","Liberal"
"95","12/3/19 7:25",3,3,4,3,3,3,4,2,3,4,1,-6.77076489845062,-6.68271275211949,-0.0880521463311235,35,"Male","English","White","WI","Bachelor's","$70K-$100K","Moderate"
"96","12/3/19 7:25",2,1,4,3,5,1,4,1,2,4,4,-4.59874894689719,-4.37594247125603,-0.222806475641157,52,"Female","English","White","AZ","Associate's","$20K-$40K","Slightly Conservative"
"97","12/3/19 7:25",3,2,5,3,4,2,5,3,3,4,1,-4.63597929536364,-5.45224756713552,0.816268271771878,67,"Female","English","White","NC","Master's","$10K-$20K","Slightly Liberal"
"98","12/3/19 7:25",3,4,3,3,3,3,3,3,4,3,4,-3.14218959625753,-3.14482741277735,0.00263781651981398,33,"Male","English","White","PA","High School","$20K-$40K","Slightly Liberal"
"99","12/3/19 7:25",4,2,3,2,4,2,4,3,3,2,1,-3.03328809904847,-2.60082138611432,-0.432466712934146,24,"Male","English","White","PA","Bachelor's","$100K-$250K","Moderate"
"100","12/3/19 7:26",3,3,4,3,3,3,4,4,3,3,3,-3.94632516506472,-3.74798377046995,-0.198341394594774,39,"Female","English","Asian","TX","Bachelor's","$100K-$250K","Slightly Liberal"
"101","12/3/19 7:28",3,4,4,4,2,4,3,3,3,3,2,-4.01957687207944,-3.87987517378728,-0.139701698292162,35,"Male","English","Multiracial","NM","Bachelor's","$70K-$100K","Liberal"
"102","12/3/19 7:28",2,3,4,2,3,2,5,1,1,4,2,-4.89539705900043,-3.9605576092951,-0.934839449705331,37,"Male","English","Black","IN","Bachelor's","$20K-$40K","Very Liberal"
"103","12/3/19 7:29",3,4,5,4,4,4,5,2,4,5,1,-1.91125646079783,-2.12671534898459,0.215458888186761,36,"Male","English","Asian","NJ","Some College","$100K-$250K","Liberal"
"104","12/3/19 7:29",2,3,2,2,4,4,4,1,2,4,2,-4.33581065299346,-3.49912596380051,-0.836684689192953,28,"Male","English","White","PA","Bachelor's","$40K-$70K","Slightly Conservative"
"105","12/3/19 7:30",4,2,3,2,4,3,4,1,1,4,3,-3.9745785026957,-3.29096967914962,-0.683608823546075,56,"Female","English","White","OH","High School","$40K-$70K","Slightly Liberal"
"106","12/3/19 7:30",3,3,4,3,4,3,2,4,4,2,4,-2.924211777305,-2.66357365927869,-0.260638118026311,34,"Female","English","White","IN","Bachelor's","$40K-$70K","Moderate"
"107","12/3/19 7:31",3,2,4,3,4,3,4,1,2,3,2,-4.10071512759348,-4.15653256350311,0.0558174359096313,33,"Male","English","Black","PA","Some College","$40K-$70K","Slightly Liberal"
"108","12/3/19 7:32",1,3,4,3,3,3,5,3,2,5,3,-4.18922679754188,-4.05795310280612,-0.131273694735761,43,"Male","English","White","GA","Some College","$100K-$250K","Slightly Conservative"
"109","12/3/19 7:32",4,3,4,3,3,3,4,1,2,4,4,-5.63688237874034,-5.52726830159663,-0.109614077143715,70,"Female","English","White","NY","Some College","$70K-$100K","Slightly Liberal"
"110","12/3/19 7:32",3,4,4,4,2,4,4,3,2,4,3,-5.40022511137983,-3.72306080527991,-1.67716430609992,58,"Female","English","White","SC","High School","$100K-$250K","Moderate"
"111","12/3/19 7:33",3,1,2,1,4,1,5,1,3,3,1,-4.71659320384077,-5.48519667006779,0.768603466227018,58,"Female","English","White","WA","Associate's","$40K-$70K","Liberal"
"112","12/3/19 7:33",3,1,4,1,5,1,3,3,4,3,3,-2.2325796437046,-1.19927714608688,-1.03330249761772,26,"Female","English","Asian","CA","Bachelor's","$20K-$40K","Very Liberal"
"113","12/3/19 7:33",3,3,2,4,2,3,4,1,3,2,2,-3.88728244953265,-4.4743403077076,0.587057858174953,48,"Female","English","White","CT","High School","$20K-$40K","Moderate"
"114","12/3/19 7:33",1,2,4,3,4,1,4,3,3,4,1,-2.75608727535534,-2.19195224519331,-0.564135030162034,32,"Male","English","White","AZ","Master's","$70K-$100K","Conservative"
"115","12/3/19 7:34",2,3,5,4,4,3,5,2,4,4,2,-6.38302346320908,-6.50815297471835,0.125129511509267,73,"Female","English","White","MD","Bachelor's","$70K-$100K","Slightly Liberal"
"117","12/3/19 7:34",5,1,5,2,4,1,5,3,2,3,2,-3.80506235980438,-3.97612869693476,0.171066337130384,60,"Male","English","White","ID","Some College","$10K-$20K","Conservative"
"118","12/3/19 7:35",3,2,5,3,4,3,5,3,2,3,2,-3.84229482272438,-4.86498792361125,1.02269310088687,32,"Female","English","White","MI","Some College","$20K-$40K","Moderate"
"119","12/3/19 7:36",1,3,5,3,4,3,4,2,2,5,4,-3.96147090209987,-3.74033268729476,-0.221138214805111,50,"Male","English","White","PA","Associate's","$70K-$100K","Liberal"
"120","12/3/19 7:36",5,3,5,3,4,3,5,2,1,5,1,-4.19924866153726,-4.14327323572672,-0.0559754258105434,59,"Male","English","White","TX","Bachelor's","$70K-$100K","Liberal"
"121","12/3/19 7:36",4,5,3,5,5,5,4,4,5,2,2,-6.15828615228323,-6.27033291098087,0.112046758697638,59,"Female","English","White","AL","Master's","$0-$10K","Liberal"
"122","12/3/19 7:36",2,2,4,1,4,2,4,1,2,4,1,-5.47804555538353,-5.21172832585021,-0.266317229533318,32,"Female","English","Hispanic","NY","Bachelor's","$40K-$70K","Conservative"
"123","12/3/19 7:37",3,2,5,3,4,2,4,4,3,3,3,-5.13748087373293,-5.53481209219108,0.397331218458146,31,"Male","English","Multiracial","NY","Bachelor's","$40K-$70K","Slightly Liberal"
"124","12/3/19 7:37",1,1,4,1,4,1,5,1,1,4,4,-6.03137510574723,-5.90504039619146,-0.126334709555769,30,"Male","English","Black","MI","Some College","$40K-$70K","Very Liberal"
"125","12/3/19 7:37",1,3,3,4,3,3,1,5,4,3,2,-2.84786168001109,-2.19625733727276,-0.651604342738325,35,"Male","English","White","PA","Master's","$40K-$70K","Very Liberal"
"126","12/3/19 7:37",1,3,5,1,4,1,5,1,1,5,1,-5.8821524562726,-5.80480743319048,-0.0773450230821124,29,"Male","English","Native American","NM","Some College","$70K-$100K","Moderate"
"127","12/3/19 7:38",2,1,3,2,2,1,3,1,3,2,2,-4.27488385501669,-4.01256479715456,-0.262319057862128,39,"Female","English","Black","NY","Bachelor's","No Response","Very Liberal"
"128","12/3/19 7:39",3,2,3,3,4,4,5,3,2,3,1,-5.2738520199469,-5.03820160139264,-0.235650418554264,25,"Male","English","White","GA","Associate's","$10K-$20K","Very Liberal"
"129","12/3/19 7:39",2,4,3,2,4,3,4,3,4,5,4,-2.08211239113085,-2.97100098757625,0.888888596445402,25,"Male","English","Other","NJ","Master's","$70K-$100K","Liberal"
"130","12/3/19 7:39",2,2,4,3,4,3,4,1,3,4,2,-3.96806907829212,-3.08773576479955,-0.880333313492571,48,"Female","English","White","NY","Bachelor's","$100K-$250K","Very Conservative"
"131","12/3/19 7:40",2,1,3,2,4,2,3,1,1,4,1,-5.80481110782326,-5.11994528810739,-0.684865819715871,74,"Male","English","White","MA","Some College","$70K-$100K","Conservative"
"132","12/3/19 7:42",2,4,5,4,3,4,5,4,2,4,1,-3.46908104594703,-3.23836465142341,-0.230716394523622,33,"Female","English","White","NC","Associate's","$40K-$70K","Very Liberal"
"133","12/3/19 7:43",3,5,4,5,1,5,4,3,2,4,1,-2.1729167794182,-2.64921681523102,0.476300035812822,44,"Female","English","White","FL","Some College","$100K-$250K","Moderate"
"134","12/3/19 7:43",1,5,5,5,2,5,5,4,3,4,1,-5.0079283517882,-3.71494973182567,-1.29297861996253,30,"Female","English","White","TX","Some College","$40K-$70K","Moderate"
"135","12/3/19 7:43",3,2,4,3,4,3,5,2,3,4,2,-6.40041471393423,-6.97071273832596,0.570298024391727,34,"Female","English","White","MS","Associate's","$20K-$40K","Slightly Conservative"
"136","12/3/19 7:44",2,2,4,4,4,3,4,3,4,5,1,-4.47312483498266,-3.68432859179913,-0.78879624318353,45,"Male","English","White","LA","Bachelor's","$20K-$40K","Slightly Liberal"
"137","12/3/19 7:44",2,4,5,3,3,3,5,2,2,5,1,-2.64002705055833,-2.74244687530189,0.102419824743558,44,"Female","English","White","VA","Master's","$100K-$250K","Slightly Conservative"
"138","12/3/19 7:46",1,2,4,2,4,1,5,2,1,5,1,-3.44404111190286,-1.95975894737429,-1.48428216452858,38,"Male","English","White","NJ","Bachelor's","$100K-$250K","Liberal"
"139","12/3/19 7:46",4,3,4,3,3,4,4,3,3,4,2,-4.38904336115798,-4.07379284630474,-0.315250514853239,34,"Male","English","White","KY","Bachelor's","$70K-$100K","Conservative"
"140","12/3/19 7:46",3,3,3,3,4,3,3,3,3,3,2,-2.35466174435571,-2.79420888485377,0.439547140498059,33,"Female","English","White","NY","Bachelor's","$40K-$70K","Liberal"
"141","12/3/19 7:47",1,1,2,4,4,2,2,3,4,1,3,-3.90525031691389,-3.67217865158456,-0.233071665329336,49,"Male","English","White","FL","Some College","$10K-$20K","Moderate"
"142","12/3/19 7:48",1,3,3,1,4,2,4,2,1,4,1,-3.09768797014008,-3.76233486358374,0.664646893443658,40,"Male","English","White","IL","Bachelor's","$70K-$100K","Slightly Conservative"
"143","12/3/19 7:48",4,3,4,3,4,3,3,3,3,4,3,-1.05535184264356,-1.57870198704659,0.523350144403032,25,"Male","English","White","VA","Bachelor's","$70K-$100K","Liberal"
"144","12/3/19 7:49",1,3,5,3,3,2,4,1,2,5,1,-7.18056323400072,-5.48198285053724,-1.69858038346348,37,"Female","English","Multiracial","TX","Associate's","$70K-$100K","Slightly Conservative"
"145","12/3/19 7:53",2,3,1,5,4,2,4,2,4,3,4,-2.89137675628246,-2.77390447461308,-0.117472281669382,34,"Female","English","Multiracial","NE","Bachelor's","$100K-$250K","Moderate"
"146","12/3/19 7:53",3,1,3,3,5,1,3,1,1,3,1,-3.87435559712556,-3.0357783044037,-0.838577292721851,35,"Female","English","White","NE","Bachelor's","$20K-$40K","Very Liberal"
"147","12/3/19 7:54",3,3,4,2,4,3,5,3,4,2,2,-4.08870925462691,-4.37167186363994,0.282962609013032,34,"Male","English","White","GA","Some College","No Response","Moderate"
"148","12/3/19 7:54",4,2,3,1,5,3,3,1,3,1,1,-3.47781105427679,-3.16700419993602,-0.310806854340765,36,"Male","English","White","MS","Some College","$100K-$250K","Slightly Conservative"
"149","12/3/19 7:54",3,3,5,3,5,3,3,4,4,3,2,-4.86778716005462,-3.24356292703373,-1.6242242330209,23,"Male","English","Hispanic","ID","Some College","$40K-$70K","Moderate"
"150","12/3/19 7:54",5,3,3,3,4,3,4,2,1,5,1,-3.46468961171538,-3.30808928407859,-0.156600327636784,31,"Male","English","Multiracial","TX","Bachelor's","$40K-$70K","Moderate"
"151","12/3/19 7:55",3,3,3,3,3,3,4,2,2,4,2,-1.94989798502987,-1.48303502152281,-0.466862963507062,41,"Female","English","White","PA","Master's","$70K-$100K","Liberal"
"152","12/3/19 7:56",2,3,4,3,4,3,4,2,2,4,2,-3.44502337109667,-3.21323837651476,-0.231784994581908,49,"Female","English","Asian","NJ","Bachelor's","$70K-$100K","Liberal"
"153","12/3/19 7:57",4,2,3,3,4,1,5,2,1,4,1,-3.47078786682863,-4.11186967629053,0.641081809461898,38,"Female","English","Multiracial","OR","Associate's","$20K-$40K","Slightly Conservative"
"154","12/3/19 8:01",4,1,3,2,4,3,3,3,3,2,3,-6.80587697565678,-6.05449032201081,-0.751386653645977,54,"Female","English","White","VA","Bachelor's","$70K-$100K","Liberal"
"155","12/3/19 8:02",3,2,3,2,4,2,3,2,3,3,2,-3.63192930419127,-3.24078242633667,-0.391146877854601,30,"Female","English","White","NY","Master's","$70K-$100K","Very Liberal"
"156","12/3/19 8:03",3,2,4,1,4,2,3,4,4,3,3,-4.76327386280111,-6.37110414979088,1.60783028698977,71,"Male","English","White","MI","Bachelor's","$20K-$40K","Slightly Conservative"
"157","12/3/19 8:03",3,5,4,5,2,5,4,4,3,3,4,-3.74182981145553,-3.13223667782362,-0.609593133631918,37,"Female","English","White","FL","High School","$20K-$40K","Very Liberal"
"158","12/3/19 8:03",3,3,4,3,3,3,4,3,3,4,2,-6.86974211639999,-6.67050441538342,-0.199237701016578,56,"Female","English","Other","NC","Bachelor's","$70K-$100K","Slightly Liberal"
"159","12/3/19 8:03",2,1,3,2,4,2,3,2,3,4,2,-5.22545941729577,-3.03617021531827,-2.1892892019775,36,"Female","English","White","MI","Bachelor's","$20K-$40K","Conservative"
"160","12/3/19 8:04",4,3,3,3,4,3,2,3,4,2,4,-6.50230973166634,-3.69286955837665,-2.80944017328969,47,"Female","English","White","IA","Associate's","$70K-$100K","Slightly Conservative"
"161","12/3/19 8:05",3,3,5,3,4,3,4,3,2,3,1,-3.97204199875468,-3.79856233520626,-0.173479663548416,36,"Female","English","White","NY","Some College","$20K-$40K","Slightly Liberal"
"162","12/3/19 8:06",1,3,5,3,5,3,4,1,2,5,1,-3.6997318085222,-4.26800261578129,0.568270807259094,65,"Female","English","White","WA","Some College","$20K-$40K","Very Conservative"
"163","12/3/19 8:06",4,3,4,4,4,3,3,3,3,2,2,-3.80037375345931,-3.23525992333113,-0.565113830128179,34,"Male","English","Multiracial","WI","Some College","$20K-$40K","Slightly Conservative"
"164","12/3/19 8:09",3,4,4,5,3,4,5,2,2,5,1,-4.46532410652728,-3.7271388024067,-0.738185304120579,64,"Male","English","White","TX","Some College","$40K-$70K","Liberal"
"165","12/3/19 8:11",3,2,3,1,4,2,4,3,2,5,1,-4.75995340880224,-3.97889623061831,-0.78105717818393,33,"Female","English","White","IL","Some College","$70K-$100K","Moderate"
"166","12/3/19 8:11",2,2,3,3,4,2,3,2,3,4,4,-6.16985667595521,-5.99893021280438,-0.170926463150828,54,"Female","English","White","MA","Associate's","$70K-$100K","Slightly Liberal"
"167","12/3/19 8:11",2,1,3,2,5,2,4,3,2,4,1,-4.02731905165501,-3.06749963802809,-0.959819413626912,38,"Male","English","White","OH","Some College","$40K-$70K","Slightly Conservative"
"168","12/3/19 8:11",2,1,3,1,5,1,3,1,2,5,1,-3.94564690411046,-4.33012697552606,0.384480071415603,30,"Female","English","White","PA","Bachelor's","$40K-$70K","Liberal"
"169","12/3/19 8:12",1,1,5,1,5,1,5,1,1,5,1,-3.18148020493428,-2.68272057071695,-0.498759634217333,30,"Male","English","White","FL","Bachelor's","$20K-$40K","Slightly Liberal"
"170","12/3/19 8:13",4,2,4,2,4,2,4,3,4,4,2,-1.72327571173899,-1.52179657906594,-0.201479132673047,39,"Male","English","White","FL","Bachelor's","$70K-$100K","Slightly Liberal"
"171","12/3/19 8:14",2,3,5,3,4,3,4,3,2,3,1,-4.53748457487837,-3.80753724631277,-0.729947328565602,34,"Male","English","Multiracial","TX","Associate's","$40K-$70K","Moderate"
"172","12/3/19 8:17",4,1,3,1,4,1,3,2,4,2,5,-4.28102998689541,-3.28537972726959,-0.995650259625816,34,"Male","English","White","MN","Some College","$0-$10K","Very Liberal"
"173","12/3/19 8:17",3,2,4,3,4,3,5,3,2,2,1,-3.83121813792356,-2.28824153457351,-1.54297660335005,53,"Male","English","Native American","IN","Some College","$10K-$20K","Slightly Conservative"
"174","12/3/19 8:17",3,4,5,5,3,5,4,3,3,4,1,-4.86957974403853,-2.9768503402631,-1.89272940377544,42,"Female","English","White","MS","Associate's","$70K-$100K","Liberal"
"175","12/3/19 8:18",3,4,4,5,3,2,4,4,5,4,4,-3.58107067479816,-3.75458146179613,0.173510786997967,26,"Female","English","White","IN","Some College","$20K-$40K","Slightly Conservative"
"176","12/3/19 8:19",5,1,5,1,5,1,5,1,1,5,1,-2.02952601399211,-2.3340504523613,0.304524438369188,43,"Female","English","White","MS","Bachelor's","$70K-$100K","Very Conservative"
"177","12/3/19 8:24",1,3,4,2,4,2,4,3,2,4,2,-4.63866510084039,-3.52061750201286,-1.11804759882753,38,"Female","English","White","MI","Associate's","$100K-$250K","Slightly Liberal"
"178","12/3/19 8:25",2,3,4,3,4,3,3,4,3,4,3,-4.39381859089704,-2.90562842068035,-1.48819017021669,32,"Female","English","Multiracial","MI","Associate's","$40K-$70K","Slightly Liberal"
"179","12/3/19 8:25",2,2,4,2,4,2,4,3,2,4,1,-3.52318273031515,-3.33974956290374,-0.183433167411411,32,"Male","English","White","IL","Bachelor's","$70K-$100K","Liberal"
"180","12/3/19 8:27",2,2,4,3,4,3,3,2,2,4,2,-1.54513518372495,-1.95011322102441,0.404978037299462,34,"Male","English","White","NJ","Master's","$40K-$70K","Slightly Liberal"
"181","12/3/19 8:30",2,3,5,3,3,3,5,2,2,5,5,-4.1995932988597,-3.33459335397768,-0.864999944882014,38,"Female","English","White","TX","Bachelor's","$40K-$70K","Very Liberal"
"182","12/3/19 8:30",3,4,3,3,4,3,5,4,3,4,4,-4.47229152379559,-5.95707498299916,1.48478345920357,42,"Female","English","White","TX","Some College","$10K-$20K","No Response"
"183","12/3/19 8:30",4,3,4,3,4,3,4,1,2,5,1,-5.16848120316911,-4.56217237249899,-0.606308830670122,51,"Male","English","White","NY","Some College","$40K-$70K","Slightly Liberal"
"184","12/3/19 8:32",4,1,5,1,5,1,5,2,2,4,1,-2.16736192713425,-2.28493679725008,0.117574870115821,22,"Male","English","White","NC","Bachelor's","$100K-$250K","Liberal"
"185","12/3/19 8:33",1,2,4,3,4,2,4,3,2,5,1,-2.20984363790628,-1.9059724141418,-0.303871223764479,30,"Female","English","White","CT","Bachelor's","$100K-$250K","Slightly Conservative"
"186","12/3/19 8:38",4,1,4,2,3,3,4,3,2,3,4,-3.25271663007745,-3.42155962596676,0.168842995889314,30,"Male","English","Black","LA","Associate's","$20K-$40K","Liberal"
"187","12/3/19 8:39",1,4,5,4,3,3,5,2,1,5,1,-2.76803963711388,-3.49836541743147,0.730325780317598,45,"Male","English","Multiracial","PA","Some College","$40K-$70K","Moderate"
"188","12/3/19 8:39",1,2,5,3,3,3,4,2,1,5,1,-2.95051378042634,-2.33680904218198,-0.613704738244361,33,"Female","English","White","MI","Bachelor's","$70K-$100K","Liberal"
"189","12/3/19 8:42",3,4,5,5,4,5,4,3,2,5,1,-3.69352648411688,-3.44093618357387,-0.252590300543014,40,"Female","English","White","NC","Bachelor's","$40K-$70K","Slightly Liberal"
"190","12/3/19 8:45",3,3,3,2,4,2,5,3,3,2,4,-2.06257735249253,-0.825973889541576,-1.23660346295095,32,"Male","English","White","RI","Associate's","$10K-$20K","Slightly Conservative"
"191","12/3/19 8:46",4,3,5,5,3,5,5,5,3,3,1,-4.56783077509382,-4.16622120459942,-0.401609570494396,42,"Female","English","Multiracial","FL","Some College","No Response","Liberal"
"192","12/3/19 8:52",5,1,3,2,5,3,5,1,5,3,4,-4.52108075413125,-4.67484801567768,0.153767261546431,28,"Male","English","Black","NY","Bachelor's","$70K-$100K","Very Liberal"
"193","12/3/19 8:54",1,3,5,3,3,3,4,3,1,5,5,-5.20314670116985,-4.60101977922327,-0.60212692194658,40,"Male","English","White","FL","Associate's","$40K-$70K","Slightly Liberal"
"194","12/3/19 8:57",4,3,3,4,2,4,5,3,4,3,4,-2.45375396563676,-2.87515235996821,0.421398394331449,31,"Female","English","White","OH","Associate's","$20K-$40K","Liberal"
"195","12/3/19 8:57",1,1,4,4,4,1,5,1,1,4,1,-4.54047685267487,-4.79065918232822,0.250182329653347,30,"Female","English","Black","VA","Some College","$20K-$40K","Liberal"
"196","12/3/19 8:58",3,5,3,4,2,5,4,4,4,4,4,-3.98973420614532,-2.85396981625775,-1.13576438988758,27,"Male","English","White","TX","Bachelor's","$40K-$70K","Slightly Liberal"
"197","12/3/19 8:58",1,2,5,3,4,2,5,2,2,5,1,-4.10349496523109,-3.05804117789815,-1.04545378733294,36,"Female","English","White","IN","Associate's","$100K-$250K","Very Conservative"
"198","12/3/19 9:05",3,3,3,3,3,3,2,2,3,3,2,-4.57534589802423,-3.53261533209306,-1.04273056593118,40,"Female","English","White","FL","High School","$0-$10K","Slightly Liberal"
"199","12/3/19 9:07",1,4,3,5,3,3,5,3,2,5,2,-3.6033044070904,-3.6474242332222,0.0441198261317979,33,"Female","English","White","CA","Bachelor's","$40K-$70K","Conservative"
"200","12/3/19 9:10",3,3,4,2,4,3,4,3,3,3,1,-6.25752870761556,-5.537320401558,-0.72020830605756,50,"Female","English","White","TN","Some College","$20K-$40K","Liberal"
"201","12/3/19 9:11",3,4,4,4,4,3,4,2,4,3,1,-5.95089529176058,-5.83495171182196,-0.115943579938623,54,"Male","English","White","NM","Bachelor's","$70K-$100K","Conservative"
"202","12/3/19 9:12",3,1,4,1,5,1,4,1,3,3,3,-4.99265242726956,-3.0214896470476,-1.97116278022196,48,"Female","English","White","IA","Some College","$100K-$250K","Very Conservative"
"203","12/3/19 9:14",3,4,2,4,3,3,2,5,3,3,4,-3.25155415546584,-3.30359869066155,0.0520445351957051,28,"Male","English","White","CA","Bachelor's","$40K-$70K","Very Liberal"
"204","12/3/19 9:16",2,3,3,4,3,3,4,3,2,3,3,-4.08611919824369,-3.52176662924117,-0.564352569002515,39,"Female","English","White","FL","Bachelor's","$70K-$100K","Conservative"
"205","12/3/19 9:18",2,1,5,2,4,3,5,3,2,3,1,-5.4332977921686,-5.07511716090224,-0.35818063126636,40,"Female","English","Black","FL","Bachelor's","$20K-$40K","Slightly Conservative"
"206","12/3/19 9:19",4,5,3,5,2,5,3,4,2,4,2,-3.61659163103964,-3.5496113240212,-0.0669803070184423,35,"Female","English","Black","TN","Some College","$20K-$40K","Very Liberal"
"207","12/3/19 9:21",3,3,4,3,4,3,3,4,3,4,2,-4.46379946174053,-4.63737299587884,0.173573534138313,55,"Female","English","White","WA","Bachelor's","$0-$10K","Slightly Conservative"
"208","12/3/19 9:22",5,3,3,4,2,4,5,3,2,5,3,-3.37444284112006,-2.94073982242393,-0.433703018696133,30,"Female","English","Multiracial","VT","Master's","$20K-$40K","Very Liberal"
"209","12/3/19 9:22",3,1,5,1,5,1,5,1,1,4,1,-1.8162603470418,-1.75878307075847,-0.057477276283326,24,"Female","English","Multiracial","NY","Associate's","$20K-$40K","Very Liberal"
"210","12/3/19 9:23",5,5,5,5,1,5,5,3,2,3,1,-4.12539906814353,-3.88168636803163,-0.243712700111905,38,"Male","English","Black","TX","Some College","$20K-$40K","Very Conservative"
"211","12/3/19 9:23",3,2,3,4,3,2,5,1,4,3,1,-3.47892703638326,-3.65299345713773,0.174066420754468,32,"Male","English","White","VT","Bachelor's","$20K-$40K","Very Liberal"
"212","12/3/19 9:25",2,2,4,3,3,3,4,4,2,4,3,-3.38713019773198,-2.61268995299299,-0.774440244738991,34,"Male","English","White","PA","Some College","$20K-$40K","Slightly Liberal"
"213","12/3/19 9:28",2,4,3,2,3,5,3,2,4,4,2,-1.72246558505206,-2.38556259593342,0.663097010881357,23,"Male","English","Hispanic","TX","High School","$40K-$70K","Very Conservative"
"214","12/3/19 9:29",4,2,3,2,4,1,3,3,4,2,2,-3.49247174883947,-2.54625763756424,-0.94621411127523,32,"Female","English","Asian","CA","Some College","$20K-$40K","Liberal"
"215","12/3/19 9:30",4,2,3,2,5,1,3,3,2,4,4,-3.66519928373164,-2.32502445699734,-1.3401748267343,37,"Female","English","White","MO","Some College","$40K-$70K","Very Liberal"
"216","12/3/19 9:30",2,3,4,2,4,3,4,1,3,4,2,-6.27483455366078,-5.68980093440193,-0.585033619258859,44,"Female","English","White","OH","Bachelor's","$20K-$40K","Slightly Conservative"
"217","12/3/19 9:31",3,4,3,4,4,3,5,3,3,3,5,-1.11702064836115,-1.70349743948849,0.586476791127336,23,"Male","English","Hispanic","TX","Some College","$20K-$40K","Conservative"
"218","12/3/19 9:31",3,5,5,4,3,4,5,5,3,5,1,-5.89431673651318,-5.30445407314698,-0.589862663366199,49,"Male","English","White","TX","High School","$40K-$70K","Moderate"
"219","12/3/19 9:32",3,2,3,4,4,3,3,3,2,3,3,-3.98144986558008,-2.88174975499216,-1.09970011058792,25,"Male","English","Asian","CA","Master's","$100K-$250K","Liberal"
"220","12/3/19 9:36",2,1,3,5,5,5,4,1,3,3,2,-4.38203469833855,-6.01408974930244,1.63205505096389,33,"Female","English","White","WA","Some College","$20K-$40K","Very Conservative"
"221","12/3/19 9:37",4,2,3,2,4,2,3,4,5,2,1,-3.73386350581177,-3.58373513400426,-0.150128371807507,32,"Male","English","White","FL","Some High School","$20K-$40K","Very Liberal"
"222","12/3/19 9:39",4,3,5,3,4,2,5,3,3,5,1,-2.96040114434688,-3.33078021184521,0.370379067498337,43,"Female","English","Multiracial","PA","Master's","$70K-$100K","Very Liberal"
"223","12/3/19 9:40",4,1,3,1,5,1,3,3,4,2,4,-4.84096785475473,-5.32196253437638,0.480994679621653,53,"Male","English","White","","Master's","$20K-$40K","Moderate"
"224","12/3/19 9:41",1,1,5,2,5,1,5,1,1,4,1,-3.69953204832548,-3.00317792927694,-0.696354119048538,37,"Male","English","White","TX","Associate's","$70K-$100K","Conservative"
"225","12/3/19 9:50",5,3,3,2,5,4,1,2,5,3,4,-2.9632931506543,-2.73343466334834,-0.229858487305961,25,"Male","English","White","CT","High School","$40K-$70K","Very Liberal"
"226","12/3/19 9:50",2,3,4,3,4,3,4,2,2,5,2,-3.70390763985092,-3.45180771803932,-0.252099921811608,34,"Male","English","White","SC","Bachelor's","$100K-$250K","Liberal"
"227","12/3/19 9:50",1,2,3,1,5,1,3,3,3,4,2,-6.09768951587207,-5.64340165348659,-0.454287862385478,37,"Male","English","Asian","NY","Doctorate","$70K-$100K","Slightly Liberal"
"228","12/3/19 9:53",2,1,3,3,4,3,3,2,2,2,2,-0.285871659548076,-1.34956774939781,1.06369608984974,35,"Female","English","White","IL","Bachelor's","$40K-$70K","Very Liberal"
"229","12/3/19 9:56",5,2,1,2,4,2,1,5,5,1,2,NA,NA,-1.01073716194871,52,"Female","English","Other","PA","Bachelor's","$0-$10K","Very Liberal"
"230","12/3/19 9:58",3,3,5,4,4,3,4,4,3,4,5,-4.5373893621754,-3.54319822751745,-0.994191134657945,28,"Male","English","Asian","CO","Some College","$20K-$40K","Moderate"
"231","12/3/19 9:59",3,4,3,5,3,5,5,5,5,5,5,-2.11892167469768,-3.44742219668599,1.32850052198831,22,"Male","English","White","NC","Some College","$100K-$250K","Moderate"
"232","12/3/19 10:03",1,1,5,1,5,1,5,2,1,5,5,-2.91418186888182,-2.93129714375654,0.0171152748747154,31,"Male","English","White","IL","Bachelor's","$100K-$250K","Liberal"
"233","12/3/19 10:07",3,2,4,3,4,3,3,2,2,4,1,-2.56523018768683,-2.5220920211537,-0.0431381665331387,34,"Female","English","Black","FL","Bachelor's","$100K-$250K","Very Liberal"
"234","12/3/19 10:09",4,2,3,4,3,3,4,3,3,4,3,-1.27987245198309,-0.542943812155864,-0.736928639827222,31,"Male","English","White","MI","Bachelor's","$70K-$100K","Very Conservative"
"235","12/3/19 10:17",2,2,3,2,4,2,4,2,2,4,2,-3.56801464475526,-2.706356733934,-0.861657910821255,30,"Male","English","White","NY","Doctorate","$70K-$100K","Liberal"
"236","12/3/19 10:17",4,3,5,3,3,3,5,2,1,5,1,-4.29388119415404,-3.91641897471169,-0.377462219442346,44,"Male","English","White","SC","Bachelor's","$40K-$70K","Moderate"
"237","12/3/19 10:19",3,4,3,5,3,3,2,3,1,3,5,-4.72923937110491,-3.32447753990389,-1.40476183120102,27,"Female","English","White","AL","High School","$20K-$40K","Moderate"
"238","12/3/19 10:21",3,5,5,5,2,5,5,2,2,4,1,-4.05093554712459,-3.78043203629423,-0.270503510830355,35,"Female","English","White","KS","Some College","$40K-$70K","Slightly Conservative"
"239","12/3/19 10:21",2,1,2,1,5,1,3,2,4,1,2,-6.09387024403771,-6.19921379882478,0.105343554787062,66,"Male","English","Asian","CA","Associate's","$20K-$40K","Conservative"
"240","12/3/19 10:22",2,3,2,3,2,3,3,2,1,4,2,-2.02561685361668,-1.48721926200853,-0.538397591608147,24,"Male","English","White","IA","Some College","$0-$10K","Slightly Conservative"
"241","12/3/19 10:23",4,2,2,1,4,2,2,5,5,2,4,-3.02402936073157,-2.16355319322101,-0.860476167510565,34,"Male","English","White","IL","Bachelor's","No Response","Liberal"
"242","12/3/19 10:26",4,3,4,3,3,3,5,2,4,4,1,-3.63912036135319,-3.25532665124643,-0.383793710106753,32,"Male","English","White","OR","Bachelor's","$20K-$40K","Liberal"
"243","12/3/19 10:28",3,4,4,5,3,5,4,4,3,2,1,-5.92617798889425,-6.88538109304434,0.959203104150096,24,"Male","English","White","TX","Some College","$40K-$70K","Moderate"
"244","12/3/19 10:28",4,2,5,3,4,2,3,2,3,3,2,-2.74002074608869,-3.08560868056382,0.34558793447513,27,"Female","English","White","CA","Some College","$70K-$100K","Liberal"
"245","12/3/19 10:35",3,3,5,2,3,3,5,1,1,3,2,-5.78183996582029,-3.48524400733867,-2.29659595848162,39,"Male","English","White","CA","Associate's","$20K-$40K","Slightly Conservative"
"246","12/3/19 10:43",3,2,2,2,4,3,3,4,4,4,4,-3.48737101787684,-4.28510007549694,0.797729057620099,45,"Female","English","Black","NY","Bachelor's","$40K-$70K","Very Liberal"
"247","12/3/19 10:44",3,2,4,2,4,2,3,2,3,3,2,-5.6871405495121,-4.84924938048707,-0.837891169025031,43,"Female","English","White","PA","Associate's","$20K-$40K","Conservative"
"248","12/3/19 10:46",3,1,5,1,5,1,5,1,1,5,1,-3.57049588539584,-4.94596431938492,1.37546843398908,35,"Female","English","White","OH","High School","$40K-$70K","Moderate"
"249","12/3/19 10:51",1,1,3,1,5,1,3,1,1,3,1,-4.26285763478625,-3.96979120507693,-0.293066429709325,32,"Female","English","White","IN","Some College","$20K-$40K","Moderate"
"250","12/3/19 10:53",2,3,3,3,4,3,3,3,4,2,4,-4.88185137171605,-4.57726084244291,-0.304590529273135,29,"Male","English","Black","VA","Bachelor's","No Response","Very Liberal"
"251","12/3/19 10:53",4,2,4,2,4,2,3,3,4,2,2,-4.2534128119067,-4.69166407975993,0.438251267853229,30,"Male","English","White","AR","High School","$0-$10K","Moderate"
"252","12/3/19 10:53",3,2,4,2,4,3,3,3,3,4,1,-3.75736129325873,-4.1411673320033,0.383806038744571,31,"Male","English","White","NJ","Some College","$20K-$40K","Conservative"
"253","12/3/19 11:00",2,3,4,3,3,3,3,2,4,1,4,-3.78034958500052,-2.97299898668803,-0.807350598312488,28,"Male","English","White","FL","High School","$20K-$40K","Moderate"
"254","12/3/19 11:01",2,3,5,3,4,3,4,2,3,5,2,-3.75114951789012,-3.07854561469988,-0.672603903190244,48,"Female","English","White","TX","Bachelor's","$100K-$250K","Conservative"
"255","12/3/19 11:05",3,1,3,1,5,1,4,2,2,3,1,-3.84866054648555,-3.29737332343202,-0.551287223053528,35,"Male","English","Asian","NY","Master's","$100K-$250K","Liberal"
"256","12/3/19 11:08",3,3,4,1,4,1,3,3,2,2,3,-3.5048049188094,-3.30663707371459,-0.198167845094813,28,"Female","English","White","TX","Bachelor's","$20K-$40K","Liberal"
"257","12/3/19 11:12",3,2,3,3,4,3,3,3,3,4,2,-4.21012278372576,-3.44684269001083,-0.763280093714937,31,"Female","English","Asian","NY","Bachelor's","$100K-$250K","Slightly Liberal"
"258","12/3/19 11:12",2,2,5,2,5,2,5,4,2,5,1,-2.70844042716133,-2.35455132096375,-0.353889106197583,28,"Female","English","Black","SC","Some College","$20K-$40K","Liberal"
"259","12/3/19 11:20",4,4,1,4,1,3,4,4,2,2,2,-3.24775314001828,-4.49780270133994,1.25004956132166,34,"Male","English","Black","FL","Bachelor's","$70K-$100K","Slightly Liberal"
"260","12/3/19 11:20",2,3,3,3,3,3,3,3,3,3,3,-4.1268511155714,-1.51868441850866,-2.60816669706274,29,"Male","English","White","NC","High School","$20K-$40K","Moderate"
"261","12/3/19 11:38",1,3,3,2,2,4,4,3,2,4,1,-2.24249909890168,-0.945243663606158,-1.29725543529552,26,"Male","English","White","NC","High School","$10K-$20K","Slightly Conservative"
"262","12/3/19 11:47",2,3,3,4,3,3,2,3,2,4,3,-2.97579703199177,-2.20104561363601,-0.774751418355759,21,"Female","English","White","KY","Some College","$40K-$70K","Moderate"
"263","12/3/19 11:55",3,3,3,3,3,3,3,3,3,3,3,-1.4276392853998,1.04270966730483,-2.47034895270463,27,"Female","English","White","FL","Associate's","$40K-$70K","Slightly Liberal"
"264","12/3/19 11:56",4,2,4,2,4,2,4,1,3,4,1,-3.82709557070446,-4.94038996107444,1.11329439036998,62,"Male","English","White","PA","Bachelor's","$100K-$250K","Liberal"
"265","12/3/19 11:57",3,1,5,4,4,4,3,3,4,2,5,-3.87002331539933,-4.30885759873363,0.438834283334296,37,"Female","English","White","NJ","Bachelor's","$20K-$40K","Liberal"
"266","12/3/19 12:08",3,4,5,5,4,3,4,4,3,5,1,-4.45004535260387,-4.30090653593772,-0.149138816666154,27,"Male","English","White","AL","High School","$70K-$100K","Conservative"
"267","12/3/19 12:12",3,3,4,3,4,3,4,2,2,4,1,-4.15737995659814,-4.26731070025653,0.109930743658385,64,"Female","English","White","FL","Bachelor's","$40K-$70K","Conservative"
"268","12/3/19 12:16",3,4,4,4,3,3,3,2,4,3,5,-4.01143919244529,-3.2860283574716,-0.725410834973686,39,"Male","English","White","AZ","Bachelor's","$40K-$70K","Liberal"
"269","12/3/19 12:22",1,1,5,1,5,1,5,1,1,5,1,-2.62759090095913,-2.49578139915187,-0.131809501807267,32,"Male","English","Black","NC","Bachelor's","$40K-$70K","Slightly Liberal"
"270","12/3/19 12:35",5,5,5,5,1,5,5,5,5,5,5,-1.23106504234106,-0.764953210180749,-0.466111832160314,31,"Female","English","White","CA","Associate's","$40K-$70K","Slightly Liberal"
"271","12/3/19 12:39",4,3,4,3,4,3,3,2,2,4,3,-3.46664190532334,-3.08658908877906,-0.38005281654428,37,"Male","English","White","WI","Some College","$70K-$100K","Conservative"
"272","12/3/19 13:09",2,1,3,1,4,1,4,3,4,2,2,-4.45960910114205,-4.29703714522686,-0.162571955915184,24,"Male","English","White","IL","Some College","$40K-$70K","Liberal"
"273","12/3/19 13:32",1,3,4,1,4,2,3,4,2,5,1,-3.4403930225731,-2.00097038934029,-1.43942263323281,45,"Male","English","White","NY","Some College","$20K-$40K","Very Liberal"
"274","12/3/19 13:42",5,3,2,4,2,3,2,3,4,1,2,-3.71553572937245,-4.13341682205773,0.417881092685272,28,"Female","English","Black","TX","Some College","$40K-$70K","Very Liberal"
"275","12/3/19 14:05",5,2,5,2,4,1,2,3,4,2,4,-5.29802530702533,-4.26983976602648,-1.02818554099885,40,"Female","English","White","OR","Associate's","$40K-$70K","Slightly Liberal"
"276","12/3/19 15:29",3,2,3,3,4,2,5,2,3,2,2,-4.63464807216689,-3.62258754390435,-1.01206052826253,36,"Male","English","Asian","HI","Master's","$70K-$100K","Slightly Liberal"
"277","12/3/19 15:42",2,2,2,2,3,4,3,2,4,4,2,-2.5216601632941,-1.41835194813,-1.1033082151641,34,"Female","English","Black","CA","Bachelor's","$40K-$70K","Very Liberal"
"278","12/3/19 15:47",2,2,5,2,4,2,5,2,2,5,1,-5.5937783862283,-5.22245535722119,-0.371323029007115,34,"Female","English","Hispanic","MO","Bachelor's","$20K-$40K","Liberal"
"279","12/3/19 17:21",1,1,4,1,5,1,4,1,2,4,2,-5.27487824750853,-4.63341752945267,-0.641460718055864,31,"Female","English","White","PA","Bachelor's","$70K-$100K","Slightly Liberal"
"280","12/3/19 18:11",2,2,4,2,4,4,4,2,2,4,2,-2.11051962825957,-1.0924961248548,-1.01802350340477,29,"Male","English","Asian","CA","Bachelor's","$40K-$70K","Moderate"
"281","12/3/19 19:14",3,3,3,2,3,3,3,2,2,3,3,-5.78661479218508,-4.04064591955608,-1.74596887262901,28,"Male","English","White","IN","Bachelor's","$70K-$100K","Moderate"
